{
  "timestamp": "20250816_203402",
  "config": {
    "random_state": 42,
    "cv_folds": 5,
    "optuna_trials": 50,
    "output_dir": "./models_optuna/",
    "log_file": "./application_optuna.log",
    "cm_figure_dpi": 120
  },
  "optuna_cv_scores": {
    "forest": 0.9137463861606421,
    "xgboost": 0.9317226112615064,
    "svm": 0.9321959216750815
  },
  "best_params": {
    "forest": {
      "n_estimators": 100,
      "max_depth": 19,
      "min_samples_split": 4,
      "min_samples_leaf": 3,
      "max_features": null
    },
    "xgboost": {
      "n_estimators": 400,
      "learning_rate": 0.18555838056325213,
      "max_depth": 8,
      "subsample": 0.9193773459745013,
      "colsample_bytree": 0.9202742631861804
    },
    "svm": {
      "C": 4.915066876237623,
      "kernel": "rbf",
      "gamma": 0.01787590635542965,
      "degree": 5
    }
  },
  "metrics": {
    "forest": {
      "accuracy": 0.8513302034428795,
      "precision": 0.8974630021141649,
      "recall": 0.9012738853503185,
      "f1": 0.899364406779661,
      "roc_auc": 0.9097143236275402,
      "classification_report": "              precision    recall  f1-score   support\n\n           0       0.72      0.71      0.72       336\n           1       0.90      0.90      0.90       942\n\n    accuracy                           0.85      1278\n   macro avg       0.81      0.81      0.81      1278\nweighted avg       0.85      0.85      0.85      1278\n",
      "confusion_matrix": [
        [
          239,
          97
        ],
        [
          93,
          849
        ]
      ],
      "confusion_matrix_png": "./models_optuna/forest_confusion_matrix.png"
    },
    "xgboost": {
      "accuracy": 0.8755868544600939,
      "precision": 0.9169329073482428,
      "recall": 0.9140127388535032,
      "f1": 0.9154704944178629,
      "roc_auc": 0.9245526235972095,
      "classification_report": "              precision    recall  f1-score   support\n\n           0       0.76      0.77      0.76       336\n           1       0.92      0.91      0.92       942\n\n    accuracy                           0.88      1278\n   macro avg       0.84      0.84      0.84      1278\nweighted avg       0.88      0.88      0.88      1278\n",
      "confusion_matrix": [
        [
          258,
          78
        ],
        [
          81,
          861
        ]
      ],
      "confusion_matrix_png": "./models_optuna/xgboost_confusion_matrix.png"
    },
    "svm": {
      "accuracy": 0.8763693270735524,
      "precision": 0.9298245614035088,
      "recall": 0.9002123142250531,
      "f1": 0.9147788565264293,
      "roc_auc": 0.9311116166211708,
      "classification_report": "              precision    recall  f1-score   support\n\n           0       0.74      0.81      0.77       336\n           1       0.93      0.90      0.91       942\n\n    accuracy                           0.88      1278\n   macro avg       0.84      0.85      0.84      1278\nweighted avg       0.88      0.88      0.88      1278\n",
      "confusion_matrix": [
        [
          272,
          64
        ],
        [
          94,
          848
        ]
      ],
      "confusion_matrix_png": "./models_optuna/svm_confusion_matrix.png"
    },
    "ensemble": {
      "accuracy": 0.8834115805946792,
      "precision": 0.9231590181430096,
      "recall": 0.9182590233545648,
      "f1": 0.9207025013304949,
      "roc_auc": 0.9358665706197553,
      "classification_report": "              precision    recall  f1-score   support\n\n           0       0.77      0.79      0.78       336\n           1       0.92      0.92      0.92       942\n\n    accuracy                           0.88      1278\n   macro avg       0.85      0.85      0.85      1278\nweighted avg       0.88      0.88      0.88      1278\n",
      "confusion_matrix": [
        [
          264,
          72
        ],
        [
          77,
          865
        ]
      ],
      "confusion_matrix_png": "./models_optuna/ensemble_confusion_matrix.png"
    }
  },
  "model_paths": {
    "forest": "./models_optuna/forest_20250816_203402.joblib",
    "xgboost": "./models_optuna/xgboost_20250816_203402.joblib",
    "svm": "./models_optuna/svm_20250816_203402.joblib",
    "ensemble": "./models_optuna/ensemble_20250816_203402.joblib"
  }
}